--
-- PostgreSQL database dump
--

-- Dumped from database version 17.5
-- Dumped by pg_dump version 17.5

-- Started on 2025-08-14 03:22:15

SET statement_timeout = 0;
SET lock_timeout = 0;
SET idle_in_transaction_session_timeout = 0;
SET transaction_timeout = 0;
SET client_encoding = 'UTF8';
SET standard_conforming_strings = on;
SELECT pg_catalog.set_config('search_path', '', false);
SET check_function_bodies = false;
SET xmloption = content;
SET client_min_messages = warning;
SET row_security = off;

--
-- TOC entry 2 (class 3079 OID 16390)
-- Name: postgis; Type: EXTENSION; Schema: -; Owner: -
--

CREATE EXTENSION IF NOT EXISTS postgis WITH SCHEMA public;


--
-- TOC entry 5746 (class 0 OID 0)
-- Dependencies: 2
-- Name: EXTENSION postgis; Type: COMMENT; Schema: -; Owner: 
--

COMMENT ON EXTENSION postgis IS 'PostGIS geometry and geography spatial types and functions';


SET default_tablespace = '';

SET default_table_access_method = heap;

--
-- TOC entry 223 (class 1259 OID 17476)
-- Name: __EFMigrationsHistory; Type: TABLE; Schema: public; Owner: postgres
--

CREATE TABLE public."__EFMigrationsHistory" (
    "MigrationId" character varying(150) NOT NULL,
    "ProductVersion" character varying(32) NOT NULL
);


ALTER TABLE public."__EFMigrationsHistory" OWNER TO postgres;

--
-- TOC entry 226 (class 1259 OID 17697)
-- Name: area_versions; Type: TABLE; Schema: public; Owner: postgres
--

CREATE TABLE public.area_versions (
    id uuid NOT NULL,
    area_id uuid NOT NULL,
    version_number integer DEFAULT 1 NOT NULL,
    name character varying(255) NOT NULL,
    geometry public.geometry(Polygon,4326) NOT NULL,
    edited_by_user_id uuid NOT NULL,
    created_at timestamp with time zone DEFAULT now() NOT NULL
);


ALTER TABLE public.area_versions OWNER TO postgres;

--
-- TOC entry 225 (class 1259 OID 17683)
-- Name: areas; Type: TABLE; Schema: public; Owner: postgres
--

CREATE TABLE public.areas (
    id uuid NOT NULL,
    name character varying(255) NOT NULL,
    geometry public.geometry(Polygon,4326) NOT NULL,
    created_by_user_id uuid NOT NULL,
    created_at timestamp with time zone DEFAULT now() NOT NULL,
    is_deleted boolean DEFAULT false NOT NULL,
    area_km2 double precision DEFAULT 0 NOT NULL
);


ALTER TABLE public.areas OWNER TO postgres;

--
-- TOC entry 224 (class 1259 OID 17675)
-- Name: users; Type: TABLE; Schema: public; Owner: postgres
--

CREATE TABLE public.users (
    id uuid NOT NULL,
    email character varying(255) NOT NULL,
    display_name character varying(255),
    created_at timestamp with time zone DEFAULT now() NOT NULL,
    password_hash text DEFAULT ''::text NOT NULL,
    is_active boolean DEFAULT false NOT NULL
);


ALTER TABLE public.users OWNER TO postgres;

--
-- TOC entry 5737 (class 0 OID 17476)
-- Dependencies: 223
-- Data for Name: __EFMigrationsHistory; Type: TABLE DATA; Schema: public; Owner: postgres
--

COPY public."__EFMigrationsHistory" ("MigrationId", "ProductVersion") FROM stdin;
20250810120047_Init	9.0.8
\.


--
-- TOC entry 5740 (class 0 OID 17697)
-- Dependencies: 226
-- Data for Name: area_versions; Type: TABLE DATA; Schema: public; Owner: postgres
--

COPY public.area_versions (id, area_id, version_number, name, geometry, edited_by_user_id, created_at) FROM stdin;
f9417d37-3bfd-484d-aa74-09e04e287d0c	4e629cdc-deb2-4162-8d58-682f38db9542	1	1	0103000020E610000001000000080000000100001A938C4140193CF2E8D4D93F40010000B2918C4140B4634481AAD93F4001000037B28C41402CFE6E9FA6D93F4001000089AB8C4140119BBD71CDD93F4001000089AB8C4140119BBD71CDD93F4001000089AB8C4140119BBD71CDD93F4001000089AB8C4140119BBD71CDD93F400100001A938C4140193CF2E8D4D93F40	86a0714e-c11b-44c2-ab1a-129a502e9415	2025-08-12 12:57:04.365994+03
5b35d0ea-3bc2-4507-9566-1c174d810d08	065cf1ac-9b8f-4334-a0e3-693476c563a8	1	Jerusalem	0103000020E6100000010000000800000001000080E9934140AB903BC9E4E23F4001000080F6A441404D7D611AB3E13F400100008061A34140ED9EF81DEFB23F4001000080FA914140ED9EF81DEFB23F4001000000EC98414071AE7566B2D73F40010000800299414043722D2C8CD73F40010000800299414043722D2C8CD73F4001000080E9934140AB903BC9E4E23F40	86a0714e-c11b-44c2-ab1a-129a502e9415	2025-08-12 14:36:55.102622+03
f1058f42-8bbf-4510-ac59-9c23e69b6770	1008cca6-9c7f-4960-a1a1-f20563a97ce0	1	Modiin	0103000020E61000000100000009000000010000408B7D4140B17777DEC9E83F40010000C025814140AC56BA5EF7EC3F4001000000D483414052B3E0C4B6E83F40010000004D83414072A7776BECE13F4001000000C97F4140EDB5DB8294E03F40010000C0EA7F414078D45C2107E63F40010000C0EA7F414078D45C2107E63F40010000C0EA7F414078D45C2107E63F40010000408B7D4140B17777DEC9E83F40	86a0714e-c11b-44c2-ab1a-129a502e9415	2025-08-12 14:40:41.055858+03
ca8e756d-d89d-4ce0-9184-5ff072bf0f23	096e98fa-545c-41c6-b738-70221cfe2537	1	Gedera	0103000020E6100000010000000800000001000000C86241405251BCC009D43F4001000080A3614140DD6C016FCFCE3F4001000000B7644140FCE0D6708DCA3F4001000040FD6541408ED4091296CE3F4001000080276541403228E4A38ECF3F400100008054654140A782EF75F2D13F40010000C09D6341400A9C7BE1B4CF3F4001000000C86241405251BCC009D43F40	86a0714e-c11b-44c2-ab1a-129a502e9415	2025-08-12 15:12:21.692547+03
85cadb54-86ce-4c3c-8bc2-ca37b3244f7d	c34f2792-0936-4ba8-adbd-6f046177c1fd	1	Ashkelon	0103000020E6100000010000000D00000001000080BB4941406ED4F8F7F3B43F4001000040D245414090DDCEA90DAC3F4001000080BE46414098EC7B2ACFA93F40010000009A454140586AC57884A63F40010000403A4741409F934610E6A33F40010000807D4B41400AF7878B18A53F40010000409F4B41405441D81B49A93F40010000C04A4D41400C0BE89789A83F40010000804D4E41408F584AEDB2AD3F4001000040344D4140F6653B8C85AE3F4001000080994D41400DBBCF7E8AB03F4001000000A5494140E251966672AE3F4001000080BB4941406ED4F8F7F3B43F40	86a0714e-c11b-44c2-ab1a-129a502e9415	2025-08-12 15:13:07.304825+03
9e35670e-8de3-424d-954e-a0610d18f20c	5ae15219-b322-4a30-939b-3d72e7462855	1	Nitzanim	0103000020E6100000010000000600000001000020BE4C4140F7DAC41739BE3F40010000C04D4A4140A265553232B73F4001000020BE4C4140D4746BD49DB43F4001000060C64F4140FBFE0F836BBB3F40010000E01A4E4140DA9637D9C8BA3F4001000020BE4C4140F7DAC41739BE3F40	86a0714e-c11b-44c2-ab1a-129a502e9415	2025-08-12 15:14:26.348487+03
11f5ea11-4ab9-4745-97ed-b2e5421dbeac	e22cfea7-2c94-4ab6-a5f2-4b30f517ec97	1	1	0103000020E6100000010000000500000001000000FC794140F449789280D63F4001000000487941402444CFF00EC93F400100000050804140F6A6E7E3AAC63F4001000000917B41402CB67EE6A4CC3F4001000000FC794140F449789280D63F40	86a0714e-c11b-44c2-ab1a-129a502e9415	2025-08-12 15:16:47.420601+03
73143361-80ba-4308-b899-23a28e35b046	be8fa48a-a76c-466f-b427-e98b933e5404	1	2	0103000020E6100000010000000500000001000000DD7A414099B3F57C19D73F400100000094784140B7DCB1C2A1CF3F40010000009C7F41403E54BB2932CC3F4001000000647B414054EB28DE92D13F4001000000DD7A414099B3F57C19D73F40	86a0714e-c11b-44c2-ab1a-129a502e9415	2025-08-12 15:17:25.443863+03
581f41bb-6a0f-4b7e-9519-897768c50d8a	58463be6-271a-40df-a874-742bb3767365	1	1	0103000020E6100000010000000500000001000000D5734140A13097BB13024040010000000B6B4140988D3E9405D23F4001000000608E41402444CFF00EC93F4001000000897441402DE6AACA47DB3F4001000000D5734140A13097BB13024040	86a0714e-c11b-44c2-ab1a-129a502e9415	2025-08-12 17:09:03.377345+03
3f800d9d-cf67-4add-a84f-6223740755dd	b71fd6a9-2187-4678-90eb-a047689c5d20	1	1	0103000020E6100000010000000600000001000000DD7A414040E63EE48CE13F4001000000C29541402783FC5AC5C53F4001000000D5734140F1363D3694A13F4001000000AA804140C59A7A9C66BD3F4001000000AA804140C59A7A9C66BD3F4001000000DD7A414040E63EE48CE13F40	86a0714e-c11b-44c2-ab1a-129a502e9415	2025-08-12 19:10:46.81628+03
2f60e1c3-9db2-4a9e-a67a-5cd8e5adb520	041f1401-2690-46f7-b344-7e98e82764cc	1	33	0103000020E6100000010000000500000001000000A9904140C9558F627DFE3F4001000000A5764140E715F57462DA3F40010000005F9E4140EFA6735A9BBB3F4001000000178C414096000359FBDA3F4001000000A9904140C9558F627DFE3F40	86a0714e-c11b-44c2-ab1a-129a502e9415	2025-08-12 19:19:13.021928+03
2a7135f2-129f-4615-aae8-d41fbd58ca35	5c94fd38-be92-427a-90b9-cc032a51accf	1	65	0103000020E6100000010000000600000001000000457C4140788A5BF4D2F83F4001000000715F4140ED9EF81DEFB23F4001000000549A4140FB925BC082903F4001000000CF794140D9BD10212FC23F4001000000CF794140D9BD10212FC23F4001000000457C4140788A5BF4D2F83F40	86a0714e-c11b-44c2-ab1a-129a502e9415	2025-08-12 19:34:19.391187+03
0d5c6829-dd46-473e-be8f-c6941cf48abc	29ef49d0-b567-4022-8edb-e620332b1bed	1	999	0103000020E61000000100000005000000010000003C854140E2DCC56BC701404001000000B99E414082ECC816E0EF3F4001000000DF87414073ACD607CDD63F4001000000338E4140407D7E3162EE3F40010000003C854140E2DCC56BC7014040	86a0714e-c11b-44c2-ab1a-129a502e9415	2025-08-12 20:04:50.328107+03
edb10120-5be9-48c4-884e-ad13fbf036b4	1bb042e9-4a3e-4750-8f07-3ba49fa9cb38	1	1	0103000020E6100000010000000500000001000000F49F41409BF538B693EF3F4001000000B881414014D1D7CFDFC43F400100000042AC41401D9A044D639D3F40010000004BA3414019BA93FC80BC3F4001000000F49F41409BF538B693EF3F40	fccc3b52-c64b-4c01-b865-d083122c66bc	2025-08-13 12:19:55.351927+03
db1fe9de-bf56-4b7a-b932-f0d68fb47230	8caeb484-8029-4d0f-841d-afa8ecde85f0	1	1	0103000020E61000000100000005000000010000006688414082ECC816E0EF3F4001000000D0964140A93F2F03CA9C3F4001000000F2BF414062AC202872E23F400100000086A44140A40491B83AD03F40010000006688414082ECC816E0EF3F40	5fd23adb-caee-4277-a209-3f96225c203b	2025-08-13 18:47:03.616396+03
859b8914-30c1-42b6-9955-08748926cdfb	3c2d580c-179d-4e9b-a2b7-9b7aad6e3855	1	11	0103000020E6100000010000000500000001000000068E4140C64B0C93AEEE3F400100000010A2414043CB7BDAA6AC3F4001000000A8734140D6C620EFC4A53F4001000000BA8E414026D80F70C2C83F4001000000068E4140C64B0C93AEEE3F40	86a0714e-c11b-44c2-ab1a-129a502e9415	2025-08-14 03:10:53.755223+03
\.


--
-- TOC entry 5739 (class 0 OID 17683)
-- Dependencies: 225
-- Data for Name: areas; Type: TABLE DATA; Schema: public; Owner: postgres
--

COPY public.areas (id, name, geometry, created_by_user_id, created_at, is_deleted, area_km2) FROM stdin;
4e629cdc-deb2-4162-8d58-682f38db9542	1	0103000020E610000001000000080000000100001A938C4140193CF2E8D4D93F40010000B2918C4140B4634481AAD93F4001000037B28C41402CFE6E9FA6D93F4001000089AB8C4140119BBD71CDD93F4001000089AB8C4140119BBD71CDD93F4001000089AB8C4140119BBD71CDD93F4001000089AB8C4140119BBD71CDD93F400100001A938C4140193CF2E8D4D93F40	86a0714e-c11b-44c2-ab1a-129a502e9415	2025-08-12 12:57:02.344124+03	f	0.007755092881344779
065cf1ac-9b8f-4334-a0e3-693476c563a8	Jerusalem	0103000020E6100000010000000800000001000080E9934140AB903BC9E4E23F4001000080F6A441404D7D611AB3E13F400100008061A34140ED9EF81DEFB23F4001000080FA914140ED9EF81DEFB23F4001000000EC98414071AE7566B2D73F40010000800299414043722D2C8CD73F40010000800299414043722D2C8CD73F4001000080E9934140AB903BC9E4E23F40	86a0714e-c11b-44c2-ab1a-129a502e9415	2025-08-12 14:36:55.075803+03	f	305.1570843673536
1008cca6-9c7f-4960-a1a1-f20563a97ce0	Modiin	0103000020E61000000100000009000000010000408B7D4140B17777DEC9E83F40010000C025814140AC56BA5EF7EC3F4001000000D483414052B3E0C4B6E83F40010000004D83414072A7776BECE13F4001000000C97F4140EDB5DB8294E03F40010000C0EA7F414078D45C2107E63F40010000C0EA7F414078D45C2107E63F40010000C0EA7F414078D45C2107E63F40010000408B7D4140B17777DEC9E83F40	86a0714e-c11b-44c2-ab1a-129a502e9415	2025-08-12 14:40:41.054881+03	f	19.558168083549063
096e98fa-545c-41c6-b738-70221cfe2537	Gedera	0103000020E6100000010000000800000001000000C86241405251BCC009D43F4001000080A3614140DD6C016FCFCE3F4001000000B7644140FCE0D6708DCA3F4001000040FD6541408ED4091296CE3F4001000080276541403228E4A38ECF3F400100008054654140A782EF75F2D13F40010000C09D6341400A9C7BE1B4CF3F4001000000C86241405251BCC009D43F40	86a0714e-c11b-44c2-ab1a-129a502e9415	2025-08-12 15:12:21.692001+03	f	8.135117038183896
c34f2792-0936-4ba8-adbd-6f046177c1fd	Ashkelon	0103000020E6100000010000000D00000001000080BB4941406ED4F8F7F3B43F4001000040D245414090DDCEA90DAC3F4001000080BE46414098EC7B2ACFA93F40010000009A454140586AC57884A63F40010000403A4741409F934610E6A33F40010000807D4B41400AF7878B18A53F40010000409F4B41405441D81B49A93F40010000C04A4D41400C0BE89789A83F40010000804D4E41408F584AEDB2AD3F4001000040344D4140F6653B8C85AE3F4001000080994D41400DBBCF7E8AB03F4001000000A5494140E251966672AE3F4001000080BB4941406ED4F8F7F3B43F40	86a0714e-c11b-44c2-ab1a-129a502e9415	2025-08-12 15:13:07.304367+03	f	34.730720060244685
5ae15219-b322-4a30-939b-3d72e7462855	Nitzanim	0103000020E6100000010000000600000001000020BE4C4140F7DAC41739BE3F40010000C04D4A4140A265553232B73F4001000020BE4C4140D4746BD49DB43F4001000060C64F4140FBFE0F836BBB3F40010000E01A4E4140DA9637D9C8BA3F4001000020BE4C4140F7DAC41739BE3F40	86a0714e-c11b-44c2-ab1a-129a502e9415	2025-08-12 15:14:26.347994+03	f	10.214906924668872
e22cfea7-2c94-4ab6-a5f2-4b30f517ec97	1	0103000020E6100000010000000500000001000000FC794140F449789280D63F4001000000487941402444CFF00EC93F400100000050804140F6A6E7E3AAC63F4001000000917B41402CB67EE6A4CC3F4001000000FC794140F449789280D63F40	86a0714e-c11b-44c2-ab1a-129a502e9415	2025-08-12 15:16:47.420116+03	f	13.099152455065894
be8fa48a-a76c-466f-b427-e98b933e5404	2	0103000020E6100000010000000500000001000000DD7A414099B3F57C19D73F400100000094784140B7DCB1C2A1CF3F40010000009C7F41403E54BB2932CC3F4001000000647B414054EB28DE92D13F4001000000DD7A414099B3F57C19D73F40	86a0714e-c11b-44c2-ab1a-129a502e9415	2025-08-12 15:17:25.443501+03	f	8.874938706175604
58463be6-271a-40df-a874-742bb3767365	1	0103000020E6100000010000000500000001000000D5734140A13097BB13024040010000000B6B4140988D3E9405D23F4001000000608E41402444CFF00EC93F4001000000897441402DE6AACA47DB3F4001000000D5734140A13097BB13024040	86a0714e-c11b-44c2-ab1a-129a502e9415	2025-08-12 17:09:03.349925+03	f	179.63717278471597
b71fd6a9-2187-4678-90eb-a047689c5d20	1	0103000020E6100000010000000600000001000000DD7A414040E63EE48CE13F4001000000C29541402783FC5AC5C53F4001000000D5734140F1363D3694A13F4001000000AA804140C59A7A9C66BD3F4001000000AA804140C59A7A9C66BD3F4001000000DD7A414040E63EE48CE13F40	86a0714e-c11b-44c2-ab1a-129a502e9415	2025-08-12 19:10:46.78898+03	f	286.98945967553146
041f1401-2690-46f7-b344-7e98e82764cc	33	0103000020E6100000010000000500000001000000A9904140C9558F627DFE3F4001000000A5764140E715F57462DA3F40010000005F9E4140EFA6735A9BBB3F4001000000178C414096000359FBDA3F4001000000A9904140C9558F627DFE3F40	86a0714e-c11b-44c2-ab1a-129a502e9415	2025-08-12 19:19:11.96235+03	f	321.1570973014257
5c94fd38-be92-427a-90b9-cc032a51accf	65	0103000020E6100000010000000600000001000000457C4140788A5BF4D2F83F4001000000715F4140ED9EF81DEFB23F4001000000549A4140FB925BC082903F4001000000CF794140D9BD10212FC23F4001000000CF794140D9BD10212FC23F4001000000457C4140788A5BF4D2F83F40	86a0714e-c11b-44c2-ab1a-129a502e9415	2025-08-12 19:34:19.364297+03	f	713.6292056940204
29ef49d0-b567-4022-8edb-e620332b1bed	999	0103000020E61000000100000005000000010000003C854140E2DCC56BC701404001000000B99E414082ECC816E0EF3F4001000000DF87414073ACD607CDD63F4001000000338E4140407D7E3162EE3F40010000003C854140E2DCC56BC7014040	86a0714e-c11b-44c2-ab1a-129a502e9415	2025-08-12 20:04:50.271784+03	f	165.6382569585165
1bb042e9-4a3e-4750-8f07-3ba49fa9cb38	1	0103000020E6100000010000000500000001000000F49F41409BF538B693EF3F4001000000B881414014D1D7CFDFC43F400100000042AC41401D9A044D639D3F40010000004BA3414019BA93FC80BC3F4001000000F49F41409BF538B693EF3F40	fccc3b52-c64b-4c01-b865-d083122c66bc	2025-08-13 12:19:55.337822+03	f	590.8640891080842
8caeb484-8029-4d0f-841d-afa8ecde85f0	1	0103000020E61000000100000005000000010000006688414082ECC816E0EF3F4001000000D0964140A93F2F03CA9C3F4001000000F2BF414062AC202872E23F400100000086A44140A40491B83AD03F40010000006688414082ECC816E0EF3F40	5fd23adb-caee-4277-a209-3f96225c203b	2025-08-13 18:47:03.595247+03	f	676.131275071106
3c2d580c-179d-4e9b-a2b7-9b7aad6e3855	11	0103000020E6100000010000000500000001000000068E4140C64B0C93AEEE3F400100000010A2414043CB7BDAA6AC3F4001000000A8734140D6C620EFC4A53F4001000000BA8E414026D80F70C2C83F4001000000068E4140C64B0C93AEEE3F40	86a0714e-c11b-44c2-ab1a-129a502e9415	2025-08-14 03:10:53.731677+03	f	478.39366771645433
\.


--
-- TOC entry 5563 (class 0 OID 16712)
-- Dependencies: 219
-- Data for Name: spatial_ref_sys; Type: TABLE DATA; Schema: public; Owner: postgres
--

COPY public.spatial_ref_sys (srid, auth_name, auth_srid, srtext, proj4text) FROM stdin;
\.


--
-- TOC entry 5738 (class 0 OID 17675)
-- Dependencies: 224
-- Data for Name: users; Type: TABLE DATA; Schema: public; Owner: postgres
--

COPY public.users (id, email, display_name, created_at, password_hash, is_active) FROM stdin;
fccc3b52-c64b-4c01-b865-d083122c66bc	test2@gmail.com	Test2	2025-08-13 10:52:36.654651+03	r7R+AFMRU+k4CFieQ9AsEfY5jFvId/eSTOvKghHI3Rg=	f
5fd23adb-caee-4277-a209-3f96225c203b	test1@gmail.com	Test1	2025-08-13 10:53:14.950931+03	r7R+AFMRU+k4CFieQ9AsEfY5jFvId/eSTOvKghHI3Rg=	t
86a0714e-c11b-44c2-ab1a-129a502e9415	erezdanmail@gmail.com	Erez Dan	2025-08-11 18:52:17.497772+03	r7R+AFMRU+k4CFieQ9AsEfY5jFvId/eSTOvKghHI3Rg=	t
\.


--
-- TOC entry 5576 (class 2606 OID 17480)
-- Name: __EFMigrationsHistory PK___EFMigrationsHistory; Type: CONSTRAINT; Schema: public; Owner: postgres
--

ALTER TABLE ONLY public."__EFMigrationsHistory"
    ADD CONSTRAINT "PK___EFMigrationsHistory" PRIMARY KEY ("MigrationId");


--
-- TOC entry 5582 (class 2606 OID 17705)
-- Name: area_versions area_versions_pkey; Type: CONSTRAINT; Schema: public; Owner: postgres
--

ALTER TABLE ONLY public.area_versions
    ADD CONSTRAINT area_versions_pkey PRIMARY KEY (id, area_id);


--
-- TOC entry 5580 (class 2606 OID 17691)
-- Name: areas areas_pkey; Type: CONSTRAINT; Schema: public; Owner: postgres
--

ALTER TABLE ONLY public.areas
    ADD CONSTRAINT areas_pkey PRIMARY KEY (id);


--
-- TOC entry 5578 (class 2606 OID 17682)
-- Name: users users_pkey; Type: CONSTRAINT; Schema: public; Owner: postgres
--

ALTER TABLE ONLY public.users
    ADD CONSTRAINT users_pkey PRIMARY KEY (id);


--
-- TOC entry 5583 (class 1259 OID 17718)
-- Name: uq_area_versions_area_version; Type: INDEX; Schema: public; Owner: postgres
--

CREATE UNIQUE INDEX uq_area_versions_area_version ON public.area_versions USING btree (area_id, version_number);


--
-- TOC entry 5585 (class 2606 OID 17706)
-- Name: area_versions area_versions_area_id_fkey; Type: FK CONSTRAINT; Schema: public; Owner: postgres
--

ALTER TABLE ONLY public.area_versions
    ADD CONSTRAINT area_versions_area_id_fkey FOREIGN KEY (area_id) REFERENCES public.areas(id) ON DELETE CASCADE;


--
-- TOC entry 5586 (class 2606 OID 17711)
-- Name: area_versions area_versions_edited_by_user_id_fkey; Type: FK CONSTRAINT; Schema: public; Owner: postgres
--

ALTER TABLE ONLY public.area_versions
    ADD CONSTRAINT area_versions_edited_by_user_id_fkey FOREIGN KEY (edited_by_user_id) REFERENCES public.users(id);


--
-- TOC entry 5584 (class 2606 OID 17692)
-- Name: areas areas_created_by_user_id_fkey; Type: FK CONSTRAINT; Schema: public; Owner: postgres
--

ALTER TABLE ONLY public.areas
    ADD CONSTRAINT areas_created_by_user_id_fkey FOREIGN KEY (created_by_user_id) REFERENCES public.users(id);


-- Completed on 2025-08-14 03:22:16

--
-- PostgreSQL database dump complete
--

